{"iter": 250, "train/loss": 4.764633655548096, "val/loss": 6.700456619262695, "lr": 0.0009979206008271391, "mfu": 8.289032074957921, "_timestamp": 1713761393.3501828, "_runtime": 122.08621788024902, "_step": 1, "_wandb": {"runtime": 163}}