{"iter": 0, "train/loss": 10.883254051208496, "val/loss": 10.908129692077637, "lr": 0.0, "mfu": -100.0, "_timestamp": 1713764531.4714735, "_runtime": 35.26499533653259, "_step": 0, "_wandb": {"runtime": 92}}