{"iter": 1000, "train/loss": 4.3396759033203125, "val/loss": 6.157055854797363, "lr": 0.0009271396472013282, "mfu": 8.212441806136733, "_timestamp": 1713764981.3922641, "_runtime": 295.53200006484985, "_step": 4, "_wandb": {"runtime": 338}}