{"iter": 0, "train/loss": 10.904741287231445, "val/loss": 10.901788711547852, "lr": 0.0, "mfu": -100.0, "_timestamp": 1713893971.0315914, "_runtime": 989.2375693321228, "_step": 0, "_wandb": {"runtime": 1338}}