{"iter": 0, "train/loss": 10.883502006530762, "val/loss": 10.908090591430664, "lr": 0.0, "mfu": -100.0, "_timestamp": 1713761211.9911313, "_runtime": 48.59615635871887, "_step": 0, "_wandb": {"runtime": 74}}