{"iter": 250, "train/loss": 4.697699069976807, "val/loss": 6.556697845458984, "lr": 0.0009979206008271391, "mfu": 460.4032698695736, "_timestamp": 1713624766.4293964, "_runtime": 146.46799850463867, "_step": 1, "_wandb": {"runtime": 151}}