{"iter": 50000, "train/loss": 3.590963125228882, "val/loss": 5.6504292488098145, "lr": 0.0001, "mfu": 8.203710771345474, "_timestamp": 1713777415.1676083, "_runtime": 12383.711085319519, "_step": 200, "_wandb": {"runtime": 12383}}