{"iter": 0, "train/loss": 10.883254051208496, "val/loss": 10.908129692077637, "lr": 0.0, "mfu": -100.0, "_timestamp": 1713764346.475572, "_runtime": 36.345187187194824, "_step": 0, "_wandb": {"runtime": 121}}